doc_id;datetime;text;media;alt_text;likes;reposts;replies;username;handle;user_description;user_image;user_followers;commented_post;sponsored;target;condition;sequence
0;01.10.26 12:23;Skin care product line CeraVe, which belongs to French cosmetics company L'Oréal, faces six class action lawsuits because some of its products tested positive for a known carcinogen, benzene.;https://raw.githubusercontent.com/stevenlijunxian/dice-study-assets/main/1.png;L’Oréal sign on a building exterior.;0;0;0;Alex Morgan;alexmorgan247;Coffee, weekend walks, and everyday observations.;https://images.unsplash.com/photo-1522506209496-4536d9020ec4?q=80&w=1674&auto=format&fit=crop&ixlib=rb-4.0.3&ixid=M3wxMjA3fDB8MHxwaG90by1wYWdlfHx8fGVufDB8fHx8fA%3D%3D;214;0;0;;A;
1;01.10.26 07:25;"Taylor Farms, a produce company believed to be the source of the 2026 ""explosive diarrhea"" outbreak, once used prison laborers in its workforce.";https://raw.githubusercontent.com/stevenlijunxian/dice-study-assets/main/2.png;Three bags of Taylor Farms salad kits.;0;0;0;Emma Collins;emmacollins85;Home cooking, local finds, and life lately.;https://images.unsplash.com/photo-1438761681033-6461ffad8d80?q=80&w=1740&auto=format&fit=crop&ixlib=rb-4.0.3&ixid=M3wxMjA3fDB8MHxwaG90by1wYWdlfHx8fGVufDB8fHx8fA%3D%3D;280;0;0;;A;
2;01.10.26 13:47;A bright baby-blue, retro Volkswagen van parked on a street that survived the Pacific Palisades Wildfire unscathed in Los Angeles in early 2025.;https://raw.githubusercontent.com/stevenlijunxian/dice-study-assets/main/3.png;A blue Volkswagen van over a wildfire-damaged neighborhood.;0;0;0;Jordan Reed;jordanreed_;Road trips, music, and photos along the way.;https://images.unsplash.com/photo-1682695795931-a546abdb6733?q=80&w=1740&auto=format&fit=crop&ixlib=rb-4.0.3&ixid=M3wxMjA3fDF8MHxwaG90by1wYWdlfHx8fGVufDB8fHx8fA%3D%3D;160;0;0;;A;
3;02.10.26 20:17;In summer 2026, insurer State Farm which covers homes, businesses, pets and vehicles, was handing out $5 billion in cash to its automobile insurance customers because the company had strong financial results in 2025.;https://raw.githubusercontent.com/stevenlijunxian/dice-study-assets/main/4.png;State Farm logo on a building.;0;0;0;Daniel Brooks;danbrooks42;Sports, family time, and the occasional update,;https://images.unsplash.com/photo-1470010762743-1fa2363f65ca?q=80&w=1740&auto=format&fit=crop&ixlib=rb-4.0.3&ixid=M3wxMjA3fDB8MHxwaG90by1wYWdlfHx8fGVufDB8fHx8fA%3D%3D;436;0;0;;A;
4;02.10.26 16:44;"In January 2025, Disney World added mandatory tipping to all rides in an effort to ""pay their employees more fair wages.""";https://raw.githubusercontent.com/stevenlijunxian/dice-study-assets/main/5.png;Theme park image with a mandatory tipping claim.;0;0;0;Olivia Carter;oliviacarter_;Travel plans, good books, and little moments.;https://images.unsplash.com/photo-1619365734050-cb5e64a42d43?q=80&w=1587&auto=format&fit=crop&ixlib=rb-4.0.3&ixid=M3wxMjA3fDB8MHxwaG90by1wYWdlfHx8fGVufDB8fHx8fA%3D%3D;313;0;0;;A;
5;02.10.26 11:45;U.S. retail chain Target had lost $15.7 billion in market value since dropping its diversity, equity and inclusion (DEI) policies.;https://raw.githubusercontent.com/stevenlijunxian/dice-study-assets/main/6.png;Target storefront with a downward white arrow.;0;0;0;Mia Bennett;miabennett91;City life, weekend plans, and things worth sharing.;https://images.unsplash.com/photo-1521115507110-6a627e5ce14e?q=80&w=1587&auto=format&fit=crop&ixlib=rb-4.0.3&ixid=M3wxMjA3fDB8MHxwaG90by1wYWdlfHx8fGVufDB8fHx8fA%3D%3D;210;0;0;;A;
6;03.10.26 16:32;McDonald's baked and fried apple pie contain a curious ingredient, L-cysteine (dough Conditioner), which is specifically derived from animals or human hair.;https://raw.githubusercontent.com/stevenlijunxian/dice-study-assets/main/7.png;McDonald’s apple pie in its packaging.;0;0;0;Ryan Mitchell;ryanmitchell27;Food finds, movies, and everyday life.;https://images.unsplash.com/photo-1541757088-1c919081357f?q=80&w=1740&auto=format&fit=crop&ixlib=rb-4.0.3&ixid=M3wxMjA3fDB8MHxwaG90by1wYWdlfHx8fGVufDB8fHx8fA%3D%3D;236;0;0;;A;
7;03.10.26 14:05;Walmart updated its privacy policy in late August 2026, adding customer data collection descriptors including biometrics, geolocation and household income, to allow in-store surveillance pricing with new digital shelf labels.;https://raw.githubusercontent.com/stevenlijunxian/dice-study-assets/main/8.png;Walmart store interior with shopping aisles.;0;0;0;Sophie Parker;sophieparker_;Coffee breaks, shopping finds, and daily updates.;https://images.unsplash.com/photo-1616003471864-9abfeee24576?q=80&w=1615&auto=format&fit=crop&ixlib=rb-4.0.3&ixid=M3wxMjA3fDB8MHxwaG90by1wYWdlfHx8fGVufDB8fHx8fA%3D%3D;262;0;0;;A;
8;04.10.26 09:08;More than 20 African countries banded together to combat the spread of the Sahara Desert by planting a giant wall of trees to run across the continent. This wall will stretch for around 7,000 km coast to coast.;https://raw.githubusercontent.com/stevenlijunxian/dice-study-assets/main/9.png;A person watering seedlings in a sandy nursery.;0;0;0;Chris Hayes;chrishayes64;Gardening, outdoor walks, and learning new things;https://images.unsplash.com/photo-1598966739654-5e9a252d8c32?q=80&w=1740&auto=format&fit=crop&ixlib=rb-4.0.3&ixid=M3wxMjA3fDB8MHxwaG90by1wYWdlfHx8fGVufDB8fHx8fA%3D%3D;344;0;0;;A;
9;04.10.26 13:06;It's dangerous to shower during a thunderstorm, and people have been killed or injured while doing so.;https://raw.githubusercontent.com/stevenlijunxian/dice-study-assets/main/10.png;Water spraying from a handheld showerhead.;0;0;0;Jamie Wilson;jamiewilson38;Music, quiet weekends, and everyday discoveries.;https://images.unsplash.com/photo-1484588168347-9d835bb09939?q=80&w=1587&auto=format&fit=crop&ixlib=rb-4.0.3&ixid=M3wxMjA3fDB8MHxwaG90by1wYWdlfHx8fGVufDB8fHx8fA%3D%3D;220;0;0;;A;
